t,g,z_hat,Ω,E,v_1,L_tilde,entry_residual,λ_ii,S,z_bar,c,π_min,log_M,U,π_rat,L_tilde_a,L_tilde_x,L_tilde_E,w,r
-20.0,0.006957088129820301,1.9806967954709813,0.963349017500944,0.02,4.95047140720559,0.23194242835045195,-7.421618875014246e-12,0.8960256258134464,0.10002889657278798,1.3439474944527243,1.032229049013854,0.1860044946502287,-0.13914176259640604,16.5258643517181,1.8110075391436142,0.09636273923509885,0.020792800284045596,0.1147868888313075,0.9203233827260973,0.0484570881298203
-15.0,0.006957088129820301,1.9806967954709813,0.963349017500944,0.02,4.95047140720559,0.23194242835045195,-7.421618875014246e-12,0.8960256258134464,0.10002889657278798,1.3439474944527243,1.032229049013854,0.1860044946502287,-0.10435632194730451,16.5258643517181,1.8110075391436142,0.09636273923509885,0.020792800284045596,0.1147868888313075,0.9203233827260973,0.0484570881298203
-10.0,0.006957088129820301,1.9806967954709813,0.963349017500944,0.02,4.95047140720559,0.23194242835045195,-7.421618875014246e-12,0.8960256258134464,0.10002889657278798,1.3439474944527243,1.032229049013854,0.1860044946502287,-0.06957088129820302,16.5258643517181,1.8110075391436142,0.09636273923509885,0.020792800284045596,0.1147868888313075,0.9203233827260973,0.0484570881298203
-5.0,0.006957088129820301,1.9806967954709813,0.963349017500944,0.02,4.95047140720559,0.23194242835045195,-7.421618875014246e-12,0.8960256258134464,0.10002889657278798,1.3439474944527243,1.032229049013854,0.1860044946502287,-0.03478544064910151,16.5258643517181,1.8110075391436142,0.09636273923509885,0.020792800284045596,0.1147868888313075,0.9203233827260973,0.0484570881298203
-1.0,0.006957088129820301,1.9806967954709813,0.963349017500944,0.02,4.95047140720559,0.23194242835045195,-7.421618875014246e-12,0.8960256258134464,0.10002889657278798,1.3439474944527243,1.032229049013854,0.1860044946502287,-0.006957088129820301,16.5258643517181,1.8110075391436142,0.09636273923509885,0.020792800284045596,0.1147868888313075,0.9203233827260973,0.0484570881298203
0.0,0.007889503036626725,1.8670371831346337,0.963349017500944,0.015864076817263928,4.950471407214765,0.21984868959941573,0.0,0.8624335268951637,0.10469264945365235,1.367794567946366,1.0670867245421582,0.18185016817124117,0.0,20.11108865521911,2.20935780867913,0.10085556099074673,0.02794372750693913,0.09104940110172985,0.936653648183918,0.047505188124438616
0.25,0.007895820215997985,1.8668693112828423,0.9628757802520316,0.015910902327933026,4.950471407214765,0.22005229503542248,0.0,0.8624033411628517,0.10472424672143152,1.3675072755249154,1.06658416106802,0.18188569518677297,0.001973165606593172,20.203011917903602,2.2094701423304954,0.10083644077320464,0.02794256471255957,0.09127328954965827,0.9364569128693077,0.04752236863432935
0.5,0.007902127805261226,1.8667017395472991,0.9624048322643474,0.01595745260811417,4.950471407214765,0.2202544781468321,0.0,0.8623732011360927,0.10475579602140841,1.3672213558279398,1.0660847295888527,0.18192116921485715,0.003947909309165063,20.295053589525985,2.2095823133725547,0.10081748429870176,0.027941440341938687,0.09149555350619165,0.9362611175843023,0.04753952619448605
0.75,0.007908425884047946,1.8665344657624736,0.96193616945558,0.016003727531234233,4.950471407214765,0.2204552424042598,0.0,0.8623431064670336,0.10478729775188382,1.3669368076484563,1.0655884223670107,0.18195658977079415,0.005924228715013144,20.38721321886417,2.2096943238484115,0.10079869180704844,0.027940354519134368,0.091716196078077,0.9360662615023707,0.04755664936278632
1.0,0.007914714539957388,1.8663674870894105,0.9614697798456714,0.01604972715986449,4.950471407214765,0.22065459061017434,0.0,0.8623130566861343,0.10481875235101167,1.3666536246936025,1.0650952286309248,0.18199195799586443,0.007902121467049088,20.479490365369365,2.2098061749538234,0.10078006274662514,0.027939307188809933,0.09193522067473926,0.9358723403142164,0.047573748328963605
1.25,0.007920993735721088,1.8662008045166345,0.9610056580876142,0.016095451487025736,4.950471407214765,0.22085252576647196,0.0,0.8622830520123284,0.10485015963238255,1.366371804496331,1.0646051403372243,0.18202727387873047,0.00988158519721504,20.571884391683533,2.2099178656224017,0.10076159665810919,0.027938298201145982,0.0921526309072168,0.9356793523304269,0.047590819679810735
1.5,0.007927263611915583,1.8660344141609235,0.960543797434598,0.01614090043842069,4.950471407214765,0.22104905135745875,0.0,0.8622530917873662,0.10488152029913217,1.3660913443050355,1.0641181485787718,0.18206253737706798,0.011862617557629511,20.664395167121434,2.210029398986256,0.10074329378884228,0.0279373277299982,0.09236842983861827,0.9354872956667265,0.04760785902130147
1.75,0.007933524240286035,1.8658683136752297,0.9600841867230792,0.016186074043914808,4.950471407214765,0.22124416996788662,0.0,0.8622231756289036,0.10491283471011549,1.365812238265458,1.0636342432784354,0.18209774955688918,0.013845216233806593,20.757022005207794,2.2101407758936493,0.10072515358947406,0.02793639570524108,0.09258262067317148,0.935296166314171,0.047624876901809735
2.0,0.00793977558650237,1.8657025039473778,0.959626822478983,0.01623097226069454,4.950471407214765,0.22143788475206577,0.0,0.862193303736954,0.10494410269362035,1.3655344851230853,1.063153417181428,0.18213291001923362,0.015829378903855888,20.84976513138296,2.210251995708916,0.10070717580578697,0.027935502037654308,0.09279520690862447,0.9351059634136809,0.04764186195254272
2.25,0.007946017796707458,1.8655369808737459,0.9591716939543135,0.016275595100887236,4.950471407214765,0.2216301987107521,0.0,0.862163475412042,0.10497532498062416,1.3652580795068574,1.0626756600542928,0.18216801959313864,0.017815103264940266,20.942622545840855,2.210363060997065,0.10068936028506983,0.027934646799691324,0.09300619162599094,0.9349166832872018,0.04765882041411639
2.5,0.00795225091367701,1.8653717429691403,0.9587187940587492,0.016319942549903762,4.950471407214765,0.2218211148090751,0.0,0.8621336904258929,0.10500650178508247,1.3649830180873228,1.062200963319737,0.18220307852463993,0.019802387045305014,21.035595028213947,2.2104739725941007,0.10067170675972216,0.02793382997363747,0.09321557807571548,0.9347283236547546,0.04767575598723687
2.75,0.007958474926191231,1.865206790564002,0.9582681179135759,0.016364014571281605,4.950471407214765,0.2220106359732151,0.0,0.862103948877305,0.1050376330508761,1.3647092987372949,1.0617293194060675,0.18223808671989822,0.021791227962776532,21.128682135302732,2.2105847300786587,0.10065421493375985,0.027933051469773266,0.09342336956968196,0.9345408830596605,0.04769265709238461
3.0,0.007964690013494334,1.865042118506172,0.9578196536121596,0.01640781119025146,4.950471407214765,0.22219876514607623,0.0,0.8620742498761608,0.10506871967454877,1.3644369154343448,1.061260717705112,0.18227304521089321,0.023781623765852262,21.221883103093354,2.2106953367459647,0.1006368846841494,0.027932311403746624,0.09362956905818022,0.9343543573778137,0.04770953692387062
3.25,0.007970896141129806,1.8648777276158506,0.9573733971080967,0.016451332366127162,4.950471407214765,0.2223855052108292,0.0,0.8620445936088588,0.10509976148375587,1.3641658665144578,1.0607951510982714,0.18230795377923045,0.02577357221957192,21.315197541484068,2.21080579186785,0.10061971568695405,0.027931609672461347,0.0938341798514138,0.9341687454697114,0.04772638854706436
3.5,0.007977093415956838,1.8647136148332688,0.9569293400124179,0.016494578069040113,4.950471407214765,0.22257085904270973,0.0,0.86201497956168,0.1051307590129857,1.363896147967788,1.0603326106695545,0.1823428128887815,0.027767071099230895,21.408625232995846,2.210916097448388,0.10060270783730096,0.027930946336407626,0.09403720486900115,0.9339840445894466,0.047743210095647894
3.75,0.00798328187199611,1.864549779043056,0.9564874729390271,0.016537548375436927,4.950471407214765,0.22275482936332303,0.0,0.8619854075712734,0.10516171243240294,1.3636277548649218,1.059873087014895,0.1823776233067857,0.02976211818830728,21.502165424869958,2.2110262535586798,0.10058586057440976,0.027930321280775633,0.09423864750813762,0.9338002513614003,0.047760010732498276
4.0,0.00798946158688875,1.8643862181199384,0.9560477923354125,0.016580243160874496,4.950471407214765,0.22293741935997594,0.0,0.86195587729167,0.10519262213035295,1.3633606862280192,1.0594165731834988,0.18241238454315012,0.03175871131493227,21.595817214533227,2.2111362622428823,0.10056917415769719,0.027929734636263765,0.09443851056601499,0.9336173651159564,0.04777677865388119
4.25,0.007995632666071157,1.8642229288836927,0.9556102865930491,0.01662266248561424,4.950471407214765,0.2231186315766949,0.0,0.8619263881859025,0.10522348863420752,1.3630949359223012,1.0589630591101948,0.18244709775704915,0.03375684827630605,21.689581724620375,2.2112461250066575,0.1005526481300555,0.02792918637691017,0.09463679706972923,0.9334353816520723,0.04779352379260238
4.5,0.008001795074235736,1.8640599122345798,0.9551749503838332,0.01666480635087432,4.950471407214765,0.22329846867412884,0.0,0.8618969404535549,0.1052543117673651,1.3628305013893698,1.0585125373667283,0.18248176304111013,0.03575652690398969,21.783456762969376,2.211355840787013,0.10053628202007747,0.02792867635394258,0.09483351030010878,0.9332542992177796,0.047810243568351465
4.75,0.00800794894948901,1.8638971643700017,0.9547417776844187,0.01670667468408224,4.950471407214765,0.22347693388298043,0.0,0.8618675334444659,0.10528509222060693,1.362567380224986,1.058064999883341,0.18251638030866899,0.03775774509972901,21.877443153331853,2.2114654127228395,0.10052007611037023,0.027928204750297784,0.0950286530223124,0.9330741161666768,0.047826932554397315
5.0,0.00801409438282606,1.863734682550167,0.9543107573456426,0.016748267518116887,4.950471407214765,0.22365402949823368,0.0,0.8618381666998169,0.1053158304490722,1.362305566509234,1.0576204371515698,0.18255095071583122,0.039760500683966894,21.97153967052288,2.2115748419517347,0.10050402991633937,0.02792777151889934,0.09522222806299495,0.9328948284448577,0.047843601811337455
5.25,0.008020231344486532,1.8635724675022345,0.9538818861594586,0.016789584811086545,4.950471407214765,0.22382975838138433,0.0,0.8618088403870835,0.10534652630390554,1.362045059074262,1.0571788425971118,0.18258547390269145,0.04176479157171476,22.06574545962613,2.2116841279615898,0.10048814321111643,0.027927376584667745,0.09541423858560015,0.9327164352525876,0.04786024057867539
5.5,0.008026359978211741,1.8634105152338838,0.9534551540471581,0.01683062657474174,4.950471407214765,0.22400412324076852,0.0,0.861779553820282,0.10537718050407228,1.3617858528500468,1.0567402068406897,0.18261995068110748,0.043770615644982414,22.160061899368877,2.211793273274257,0.10047241587056542,0.027927020024763962,0.09560468734543914,0.9325389331179595,0.04787685379777355
5.75,0.008032480346780377,1.8632488238122178,0.9530305537838627,0.01687139279782357,4.950471407214765,0.22417712675042112,0.0,0.8617503066851866,0.10540779336357889,1.361527944361889,1.0563045218044336,0.18265438140670395,0.04577797089285658,22.254486403208094,2.211902279043062,0.10045684768242656,0.027926701845042718,0.09579357722295184,0.93236231966153,0.04789344646133076
6.0,0.008038592435025735,1.8630873936268701,0.9526080811063318,0.016911883441113006,4.950471407214765,0.22434877154735544,0.0,0.8617210990874344,0.10543836480656452,1.3612713317690077,1.0558717807439983,0.182688765967395,0.04778685518126129,22.349020319743452,2.2120111448333413,0.10044143837337081,0.027926421963613553,0.09598091121037106,0.9321865936227484,0.04791000622834632
6.25,0.008044696434218812,1.8629262192990077,0.9521877242923222,0.016952098532354277,4.950471407214765,0.22451906027943183,0.0,0.8616919300885949,0.10546889578972846,1.3610160090755306,1.0554419736926297,0.18272310545970033,0.04979726644452952,22.443661932612606,2.212119874120356,0.10042618786564562,0.02792618051200051,0.0961666919017857,0.9320117508956943,0.04792654622687593
6.5,0.008050792321621161,1.8627653013377259,0.9517694793824281,0.01699203802990212,4.950471407214765,0.22468799553680402,0.0,0.8616627998151798,0.10549938619933753,1.3607619746081165,1.0550150941307155,0.18275739973358796,0.05180920265952826,22.538410979452983,2.212228466404035,0.1004110958781092,0.02792597740740685,0.09635092225128797,0.9318377903344786,0.04794306064068621
6.75,0.008056880198573611,1.8626046368856477,0.9513533387719071,0.0170317018986871,4.950471407214765,0.2248555799028918,0.0,0.8616337077841022,0.1055298365422783,1.3605092247305222,1.054591134040507,0.18279164921275445,0.053822661880782746,22.63326748815325,2.2123369235833694,0.10039616233455007,0.027925812712162736,0.09653360485617901,0.9316647094490337,0.04795954609642048
7.0,0.00806296011824552,1.8624442243301744,0.9509392929339003,0.017071090218311238,4.950471407214765,0.2250218158031611,0.0,0.8616046537371794,0.10556024708449324,1.3602577543684606,1.0541700845201392,0.1828258547781158,0.05583764213864716,22.72823064013035,2.212445246085045,0.10038138672445582,0.027925686338369664,0.09671474274033563,0.9314925047645329,0.0479760127347269
7.25,0.008069032155009438,1.8622840616102327,0.9505273387134775,0.017110202863815767,4.950471407214765,0.22518670611561065,0.0,0.8615756373346268,0.10559061819797902,1.3600075626932884,1.053751939358067,0.18286001596435386,0.05785414134593547,22.823300054307595,2.212553435907446,0.10036676930883588,0.027925598418415146,0.09689433838835965,0.9313211757135285,0.047992448758321954
7.5,0.008075096429643104,1.8621241452682922,0.9501174650080831,0.017149039885294804,4.950471407214765,0.22535025312533608,0.0,0.8615466579831395,0.10562095048684167,1.3597586438190226,1.0533366892450422,0.1828941339226718,0.059872157540703116,22.91847532440977,2.212661494836751,0.10035230972830227,0.027925548955623707,0.09707239444141007,0.9311507182653511,0.04800886346986448
7.75,0.008081152913421829,1.8619644759725658,0.9497096664115801,0.017187601285862296,4.950471407214765,0.22551245914987247,0.0,0.8615177158366648,0.1056512438074061,1.3595109950591298,1.0529243273220552,0.1829282088624807,0.0618916888562021,23.013755978638404,2.2127694219275433,0.10033800751230017,0.027925537810739937,0.09724891382683239,0.9309811305802866,0.04802525518301551
8.0,0.008087201739315068,1.8618050500079528,0.9493039375094657,0.017225886991461294,4.950471407214765,0.2256733271381603,0.0,0.8614888102543992,0.10568149882475891,1.3592646142915985,1.0525148463232452,0.18296224067865294,0.06391273342597725,23.10914154722021,2.2128772202968574,0.10032386295624561,0.02792556517271503,0.09742389900919966,0.9308124112052002,0.04804161777145115
8.25,0.008093243013586602,1.86164586430377,0.9489002673208108,0.01726389703141011,4.950471407214765,0.22583285909653636,0.0,0.861459940711688,0.10571171607041027,1.35901949563296,1.0521082373662358,0.18299623058848433,0.06593528918735465,23.204631560308595,2.2129848913470473,0.10030987563815395,0.027925631018051143,0.09759735244033123,0.9306445561111444,0.04805796240206524
8.5,0.008099276712988098,1.8614869193433632,0.948498652776206,0.01730163136010468,4.950471407214765,0.22599105757807994,0.0,0.8614311073280656,0.10574189542807667,1.358775637937924,1.0517044945090024,0.18303017829461538,0.06795935427443084,23.30022551143504,2.2130924347427294,0.10029604535553319,0.027925735288925797,0.09776927693362095,0.9304775645138346,0.04807427915089181
8.75,0.00810530297357854,1.8613282112471747,0.9480990844772598,0.017339089985330475,4.950471407214765,0.22614792498716227,0.0,0.8614023094313656,0.10577203757829794,1.3585330364559765,1.0513036092349484,0.18306408458927148,0.06998492688520624,23.395923038915782,2.213199852963278,0.1002823719912786,0.02792587806823395,0.0979396749276497,0.9303114331601604,0.0480905715696748
9.0,0.008111321874708243,1.8611697376045295,0.9477015550276632,0.017376272896638695,4.950471407214765,0.22630346369242138,0.0,0.8613735466152942,0.10580214291796848,1.358291687554491,1.0509055739562856,0.18309794994633527,0.07201200506383588,23.491723633346837,2.21330714750163,0.10026885536861779,0.02792605938715845,0.09810854893664511,0.9301461595625317,0.048106845798500414
9.25,0.008117333392869823,1.8610114987631614,0.9473060606509566,0.01741318005231707,4.950471407214765,0.2264576760280389,0.0,0.8613448189739162,0.1058322113295091,1.3580515896178715,1.0505103827068243,0.1831317742570507,0.07404058715168563,23.58762677433173,2.213414317978779,0.10025549520453679,0.027926279176152084,0.09827590164735,0.9299817426146023,0.04812308919569132
9.5,0.008123337720017837,1.8608534894448727,0.9469125899991249,0.01744981148064645,4.950471407214765,0.2266105643298414,0.0,0.8613161255795694,0.10586224377303803,1.3578127367684119,1.0501180262350758,0.18316555866061615,0.07607067122560762,23.6836313735607,2.2135213677881462,0.10024229143424616,0.027926537564371804,0.09844173533122343,0.929818178291371,0.04813931434636661
9.75,0.00812933479789199,1.8606957091494947,0.946521139077067,0.01748616717589552,4.950471407214765,0.22676213092615286,0.0,0.8612874663715642,0.10589223995714896,1.3575751273426104,1.0497284985740567,0.18319930306359572,0.07810225529820583,23.779739076270253,2.2136282972755073,0.10022924358366274,0.027926834538711906,0.0986060528037782,0.9296554654536867,0.048155516134647205
10.0,0.008135324719534202,1.860538156590528,0.9461317009998104,0.01752224711067701,4.950471407214765,0.22691237808112644,0.0,0.8612588411462041,0.10592220034721897,1.3573387578662457,1.0493417924571335,0.1832330079180925,0.08013533822058466,23.87594719419065,2.2137351069887985,0.10021635158815699,0.027927170059520483,0.098768856433449,0.929493601722433,0.04817321572326128
10.5,0.008147239000419698,1.8602249282111927,0.945358831687215,0.01759386142059487,4.950471407214765,0.2272102090375897,0.0,0.8612019097507632,0.10598179319735206,1.356869564038834,1.0485749467568273,0.18330004298105612,0.08420598065281235,24.068665653148276,2.213947557078195,0.10019082419716477,0.027927866445118646,0.09909151839530628,0.9291723019304544,0.04820539445464766
11.0,0.00815912546696427,1.8599125950246522,0.9445939267108315,0.017664376091617733,4.950471407214765,0.22750280494740646,0.0,0.8611451120007889,0.10604124692571468,1.3564052851654396,1.0478192781448152,0.18336692212555364,0.0882825701997585,24.26178421902696,2.214159536437372,0.10016591782687372,0.02792871638733825,0.0994081707331945,0.9288543678556084,0.04823748424747926
11.5,0.00817098727473225,1.859601140848711,0.9438369335684761,0.017733788797426486,4.950471407214765,0.2277901835052531,0.0,0.861088445184254,0.10610057731580856,1.3559458956511894,1.04707473125761,0.18343364842378798,0.09236510162577058,24.455299115085943,2.2143710550987166,0.10014164354359777,0.027929720071665807,0.09971881988998954,0.9285397819707514,0.048269486631712606
12.0,0.008182818237061715,1.8592905491554563,0.9430877975125895,0.01780210514698529,4.950471407214765,0.2280723619766105,0.0,0.8610319065197549,0.10615975342318809,1.355491368343578,1.0463412503265503,0.18350022550768896,0.09645355519120433,24.64920642637619,2.214582122939153,0.10011796804035404,0.027930877637383972,0.10002351629887248,0.9282285256820877,0.048301394929315955
12.5,0.00819461963425369,1.858980799907206,0.9423464629591255,0.017869324528690403,4.950471407214765,0.2283493575281398,0.0,0.8609754925799747,0.10621878165166292,1.3550416758802768,1.0456187797691618,0.1835666570955505,0.10054791514544593,24.843502547266663,2.214792752846381,0.10009489318927221,0.027932189456949624,0.10032227488191797,0.927920580252136,0.04833321278675576
13.0,0.008206406057791256,1.858671874004901,0.9416128755979781,0.017935435057938737,4.950471407214765,0.22862118658835948,0.0,0.8609192001008897,0.10627773498491311,1.3545967914998236,1.0449072656783494,0.1836329469056865,0.10464817014137291,25.038183738792828,2.2150029569365697,0.10007248365118387,0.02793365586447097,0.10061504707270463,0.9276159273548831,0.04836495732593646
13.5,0.008218168770963522,1.8583637551876209,0.9408869839542203,0.01800044436302567,4.950471407214765,0.22888786523509788,0.0,0.8608630263286308,0.10633656972365814,1.3541566898279636,1.0442066558994145,0.1836990983323175,0.10875431754003681,25.233246016992886,2.215212745184108,0.10005069437133036,0.027935277059407307,0.1009018938043602,0.9273145496142634,0.0483966184817839
14.0,0.00822989060311828,1.8580564262368318,0.9401687348371517,0.01806436723648299,4.950471407214765,0.22914940925640154,0.0,0.8608069683282858,0.10639519998372982,1.3537213443675098,1.0435168980079133,0.18376511517013738,0.11286633457966434,25.42868553674205,2.2154221280807045,0.10002944056144901,0.027937053256987202,0.1011829154379653,0.9270164288852372,0.04842817906188546
14.5,0.008241594060908335,1.8577498664794856,0.9394580746303911,0.018127185184287485,4.950471407214765,0.22940583432181677,0.0,0.8607510225277026,0.10645373833890412,1.3532907286822893,1.0428379399889494,0.1838310012253424,0.11698420437987458,25.624498481957193,2.2156311191551232,0.10000882405707431,0.02793898491434571,0.10145802535039675,0.9267215470645463,0.04845966268186748
15.0,0.008253297333272269,1.8574440550114408,0.9387549494636213,0.01818888328806181,4.950471407214765,0.22965715537112455,0.0,0.8606951853046424,0.10651227576661404,1.3528648160861665,1.042169730822138,0.18389676055333595,0.12110792771034545,25.820680883519326,2.2158397319635124,0.09998892605454306,0.027941072493439197,0.10172715682314232,0.926429885877761,0.048491090551058776
15.5,0.008264962308854706,1.8571389747568072,0.9380593082832784,0.01824949378810198,4.950471407214765,0.22990338673567365,0.0,0.860639453728449,0.10657062164148227,1.3524435811451037,1.0415122214709214,0.18396239698662228,0.12523749579852367,26.017229097302963,2.216047976964628,0.09996956362032784,0.02794331624709428,0.10199050686825152,0.9261414279078763,0.04852242425084452
16.0,0.008276595981858937,1.856834607339708,0.9373711002135686,0.018309011113500008,4.950471407214765,0.23014454281331606,0.0,0.8605838246243069,0.10662881094711485,1.3520269986075042,1.0408653631417202,0.18402791428892992,0.12937288572276742,26.21413898370777,2.216255865849417,0.09995076583196165,0.027945716526451975,0.10224806045490242,0.925856155862822,0.04855366993325928
16.5,0.00828822764268836,1.8565309317057594,0.9366902724544088,0.018367411018674878,4.950471407214765,0.23038063758494454,0.0,0.8605282943205383,0.10668699018825144,1.3516150421918116,1.0402291070022602,0.18409331662928177,0.13351408981879942,26.41140639290245,2.2164634123309916,0.09993266590677408,0.027948273822269096,0.10249969785590136,0.9255740517452201,0.04858485812996574
17.0,0.0082998495296059,1.8562279266866157,0.9360167727548863,0.01842470032442497,4.950471407214765,0.2306116845557749,0.0,0.8604728591167186,0.10674512054223559,1.3512076858896531,1.0396034052619298,0.18415860821143626,0.13766111080103272,26.609027632025185,2.216670630236814,0.09991522323727467,0.02795098864573524,0.10274547267276496,0.9252950977447664,0.04861598247428431
17.5,0.008311426413470945,1.8559255730939397,0.9353505498242053,0.01848090886964843,4.950471407214765,0.23083769669697973,0.0,0.860417515667036,0.10680302579995178,1.350804903963824,1.03898821124583,0.18422379328846664,0.14181393315223537,26.806998699197372,2.2168775316649985,0.09989826890487369,0.027953861383171668,0.10298556640893439,0.9250192762368502,0.04864700896877819
18.0,0.008323000379793008,1.85562385183713,0.9346915549230376,0.018536001589618992,4.950471407214765,0.23105868725605871,0.0,0.8603622606364265,0.10686091646470146,1.3504066722577028,1.0383834793040152,0.18428887558037307,0.14597253623687753,27.005315504362,2.2170841291385703,0.09988199617089263,0.027956892485479185,0.10321979859968688,0.9247465706792307,0.04867797784614277
18.5,0.008334635520547572,1.8553227421344998,0.9340397364839698,0.01858992503552519,4.950471407214765,0.2312746690437107,0.0,0.8603070903728114,0.10691911311172764,1.350012964857539,1.037789163205393,0.18435385943347662,0.1501369444100514,27.20397398288997,2.2172904361502628,0.09986670023597784,0.02796008244232549,0.10344788636540736,0.9244769633263998,0.04870895174748585
19.0,0.008346278388420192,1.8550222246903807,0.933395043079489,0.01864272457298173,4.950471407214765,0.23148565516332512,0.0,0.8602520014889071,0.10697734840825292,1.3496237556446298,1.0372052163452452,0.1844187491864974,0.15430717379861814,27.402969997727503,2.217496464941817,0.09985212672605073,0.02796343163143073,0.10367009680584369,0.9242104362925005,0.04873988135069731
19.5,0.00835790308164197,1.854722274024975,0.9327574240578577,0.01869442220517974,4.950471407214765,0.23169165768942732,0.0,0.8601969894558438,0.10703549279880961,1.3492390197355688,1.036631594633777,0.18448354905992656,0.15848321901815238,27.602299540253124,2.217702233320854,0.09983815054578103,0.02796694091607042,0.10388656622757587,0.923946972537596,0.04877073821994499
20.0,0.008369511839056806,1.854422922123122,0.932126831702617,0.018745016583652168,4.950471407214765,0.23189268624755852,0.0,0.8601420602824147,0.10709355748164713,1.3488587264913896,1.0360682530368404,0.1845482655746663,0.16266507771847483,27.801958075027805,2.2179077067182975,0.09982477843112983,0.027970606908877885,0.10409730090755079,0.9236865510803921,0.04880409292749903
21.0,0.008392510233558088,1.8538302971991638,0.9308865273320692,0.018844009529455565,4.950471407214765,0.23228491078429903,0.0,0.8600332378885089,0.10720859085126365,1.3481107883453425,1.0349649941471937,0.18467642545145607,0.17104609632684248,28.202250211252775,2.2183149058561247,0.09979903283769746,0.027978081538514527,0.10450779640808704,0.9231743696391668,0.04886604767035197
22.0,0.008415465875184944,1.8532393926419355,0.9296737313468982,0.018938466418326978,4.950471407214765,0.2326567858168622,0.0,0.8599246261496468,0.10732341037955284,1.3473803732965708,1.0339031863726666,0.18480442914167527,0.17945006938122937,28.603816078910473,2.2187213433799444,0.09977575538843332,0.027986220939294155,0.1048948094891347,0.9226741878602994,0.04892839105638724
23.0,0.008438464722654785,1.8526479011905133,0.9284880587445178,0.01902822994377684,4.950471407214765,0.23300807674707558,0.0,0.8598158011661,0.1074384460148275,1.3466675707621591,1.0328831500812121,0.1849323048050284,0.18787704661476198,29.006620180765253,2.2191290212017307,0.09975531417483485,0.027995191466312665,0.10525757110592807,0.9221860669758205,0.048988657866129846
24.0,0.008461304717359484,1.8520606275360636,0.9273291185363476,0.019113738645852665,4.950471407214765,0.2333399628476131,0.0,0.8597076477794299,0.10755268710034147,1.345971521050756,1.031902576334827,0.1850600227448339,0.19632696446425513,29.410626823873436,2.219533733477204,0.09973673852497525,0.028004621787441397,0.10559860253519644,0.92170941827668,0.04904466676843743
25.0,0.008484006224969209,1.8514775940700154,0.9261965330125936,0.019195520825142212,4.950471407214765,0.23365550064522284,0.0,0.859600172249792,0.1076662355011038,1.3452920057814606,1.0309571286565775,0.1851869076130845,0.2047996044969661,29.81580438683175,2.219936043622367,0.09972009404363977,0.028014501866507745,0.10592090473507533,0.9212440922175644,0.04910426382474175
26.0,0.008506737950630646,1.8508942443459642,0.9250899193558365,0.019272894583334435,4.950471407214765,0.23395208908862847,0.0,0.8594925355772794,0.10777993504651716,1.344629410408792,1.0300505507936444,0.18531346884879824,0.2132949736195677,30.22212018319649,2.2203395159476047,0.09970613142035986,0.028025168182140757,0.10622078948612788,0.9207903527543264,0.04917058149633239
27.0,0.008529150156045866,1.850319334885231,0.9240189577258315,0.019345433606123022,4.950471407214765,0.23422769022367781,0.0,0.8593863555008341,0.10789203641556301,1.3439890868624749,1.0291896273608474,0.18543859282350325,0.22181297828972077,30.629535793590176,2.220737389085911,0.099694287035626,0.028036254458060975,0.10649714872999085,0.9203518648412062,0.04924039988640157
28.0,0.008550845151493066,1.8497633035897578,0.9229967368925124,0.01941322708435657,4.950471407214765,0.23448365153154288,0.0,0.85928356678379,0.10800055044379082,1.3433784606708403,1.0283781738239184,0.18555971758046064,0.2303530384777274,31.038004864651292,2.221122654947334,0.09968415564221411,0.028047370384976858,0.1067521255043519,0.9199337134144683,0.04930805536329594
29.0,0.008571826580171957,1.8492259861780458,0.9220220695532868,0.01947642757738051,4.950471407214765,0.23472071427573518,0.0,0.8591841484651906,0.1081054953537569,1.3427968165533208,1.027614588644742,0.18567686288273363,0.23891443266214596,31.447482770475467,2.221495386971445,0.09967565255615417,0.028058495888614077,0.10698656583096695,0.919535408656293,0.04937270450218988
30.0,0.008592078968410962,1.8487077896973432,0.9210936612470868,0.019535320865975894,4.950471407214765,0.23494017676437215,0.0,0.8590881850230071,0.10820679374925075,1.3422432867159386,1.0268964116741042,0.18578995976710552,0.24749644421808076,31.8579232673543,2.2218552321828517,0.09966859182630576,0.02806956390490561,0.10720202103316076,0.9191563563090234,0.04943474025971975
31.0,0.008611607063393674,1.8482084683787376,0.9202102457610544,0.01959012125156269,4.950471407214765,0.23514307813522203,0.0,0.8589956398370618,0.10830446937473527,1.3417171047105996,1.0262216147222711,0.18589897215617462,0.2560983528582369,32.269284368953286,2.222202388838183,0.09966288238034574,0.02808055738786594,0.10739963836701037,0.9187960315157692,0.04949462494397506
32.0,0.008630396832772108,1.84772851883266,0.9193705660471659,0.01964099670131651,4.950471407214765,0.23533004847704428,0.0,0.8589066135856146,0.10839845204321233,1.3412174070355012,1.025588649619581,0.18600399323643677,0.2647194034876604,32.68152484768801,2.2225362834827473,0.09965834621360468,0.028091402818307645,0.10758029944513194,0.918453842958117,0.04955419619157208
33.0,0.00864853535337609,1.847265452606393,0.9185733590786797,0.019687772799132846,4.950471407214765,0.23550052150451928,0.0,0.8588206525762841,0.10848917729556934,1.3407437203462058,1.024997875000765,0.18610529072661677,0.2733589509912729,33.09460392180313,2.222858845863408,0.09965526801207356,0.028102253205160486,0.1077430002872852,0.9181294664939739,0.04961445145150222
34.0,0.008665888072888992,1.8468229696313703,0.9178173973576748,0.019730335365443122,4.950471407214765,0.2356527739586284,0.0,0.858738451492128,0.10857597212802896,1.3402947657755666,1.0244505862983242,0.18620365867492575,0.28201621324328086,33.50848125536846,2.2231660365728865,0.09965291615412697,0.028112791625659522,0.10788706617884192,0.9178220263664045,0.04967527422401945
35.0,0.008682833384027077,1.8463910384822757,0.9171014346879227,0.01976813689793822,4.950471407214765,0.23578610355331184,0.0,0.8586581530680777,0.10866072918527943,1.3398710814964883,1.0239480999266692,0.18629909619350335,0.2906906050444937,33.92310942514451,2.2234667538548396,0.0996529106300556,0.028123745719859563,0.10800944720339668,0.9175318911114644,0.049729164697463024
36.0,0.00869941330429412,1.8459682477213912,0.916424260511864,0.01980201595647718,4.950471407214765,0.23590518248946485,0.0,0.8585794987604314,0.10874365863047114,1.3394720768134283,1.023483672093214,0.1863906327729781,0.2993818134717287,34.33844892641144,2.2237630915093476,0.09965532694578409,0.028135188689518694,0.10811466685416207,0.9172586562260592,0.0497796752030228
37.0,0.008714971563145501,1.8455720756397005,0.9157846375783073,0.0198329079587584,4.950471407214765,0.23601054321248888,0.0,0.8585057469473368,0.10882147792959397,1.339094614535566,1.0230541671461086,0.18647907674487318,0.3080890159232597,34.75446325350089,2.224038701157123,0.09965703772648898,0.02814575196685479,0.1082077535191451,0.9170001733896035,0.0498304433685137
38.0,0.008730405319061827,1.845178643599873,0.9151813375863554,0.01985984425153338,4.950471407214765,0.23610259023517707,0.0,0.8584324577559606,0.10889867448993626,1.3387410881714288,1.0226608495998948,0.18656359611596116,0.3168118169172889,35.171115254842974,2.22431560983816,0.09966203458108099,0.028157220374201656,0.1082833352798944,0.916758081655612,0.049877329367674306
39.0,0.008744498310712908,1.844819915226214,0.9146131275886835,0.019884336591745752,4.950471407214765,0.23618131037869153,0.0,0.8583655919657421,0.10896916481557664,1.3384064180081945,1.0222998363837683,0.18664572313783653,0.32554925183417255,35.58837103703844,2.224563858629451,0.09966462864270129,0.028167117959126717,0.10834956377686354,0.9165289024815768,0.04993095388701356
40.0,0.008758791334545329,1.8444551742429722,0.9140913072434248,0.019904213828791116,4.950471407214765,0.23624801390659916,0.0,0.8582975650689313,0.10904065566218164,1.3381036891885638,1.0219793502166723,0.1867211641354663,0.3343011049911951,36.00619250205664,2.2248236320961317,0.09967311547692377,0.028178902971066278,0.10839599545860912,0.916321596457732,0.04997884007012021
41.0,0.008770585452516811,1.8441549139999691,0.9136329128484958,0.019922962738010926,4.950471407214765,0.23630843560610507,0.0,0.8582415337370816,0.1090996474814514,1.337834976166249,1.0216932858492718,0.1867878732974659,0.3430658824820317,36.424541182183425,2.2250335889432793,0.0996770287192225,0.028187716223934255,0.10844369066294829,0.9161375841516708,0.0500241743706671
41.63330078125,0.008777377496291117,1.8439819491900185,0.9133734544313502,0.019933146006813077,4.950471407214765,0.236340993784751,0.0,0.8582092443693232,0.10913361992600171,1.3376832491418762,1.0215338606704705,0.18682593871485192,0.3486224720861587,36.68973713451122,2.225154928214416,0.09967975142641021,0.028192934794593512,0.10846830756374727,0.9160336828244999,0.05005111378822427
42.0,0.008781066695516813,1.8438879662929724,0.9132336346754585,0.019938453288569333,4.950471407214765,0.23635772902548582,0.0,0.8581916956362207,0.1091520725626888,1.3376015781290396,1.0214491067815539,0.18684662695438156,0.3518418122301126,36.8433789066447,2.2252208778251426,0.09968134395878368,0.028195806186384103,0.10848057888031803,0.9159777552357252,0.05006559918163424
42.183349609375,0.008782846284847962,1.8438426024553287,0.9131664891576765,0.019940948184359254,4.950471407214765,0.23636552186710383,0.0,0.8581832242126022,0.10916097371260533,1.3375623856397474,1.0214087543282002,0.1868566144607253,0.3534519807263061,36.92022233889989,2.2252527146936676,0.09968214311817322,0.028197202743752325,0.10848617600517828,0.9159509165649649,0.050080844773257444
43.0,0.008790165378923194,1.843656303121752,0.9128892008639813,0.019951534721224358,4.950471407214765,0.23639899510888077,0.0,0.8581484273173816,0.10919758235735083,1.3374003771390917,1.0212402719251723,0.18689760013164472,0.3606275404943945,37.26266636707375,2.2253835276850764,0.09968529369448079,0.028202890655247437,0.1085108107591525,0.9158399745735781,0.05010912592724935
43.4083251953125,0.008793423929447913,1.8435733731972725,0.9127633001911407,0.019956259992329223,4.950471407214765,0.23641331018634593,0.0,0.8581329342847313,0.10921388097536537,1.3373265867837607,1.0211647816020042,0.18691650070744992,0.3642174514916853,37.4339941001519,2.225441197977844,0.09968642242575694,0.02820534633534593,0.1085215414252431,0.9157894435895099,0.05012986002695086
44.0,0.008798081904651181,1.843454668007909,0.9125950638261143,0.019962039312978224,4.950471407214765,0.23643150329061016,0.0,0.8581107540186677,0.10923717923573707,1.33722903169474,1.0210659614873057,0.18694167235973067,0.3694217009846783,37.682370941464,2.225525433203951,0.09968931055682216,0.028209231524508653,0.1085329612092794,0.9157226387255548,0.05014406620808155
44.29583740234375,0.008800149778895561,1.8434020071933797,0.9125169494342456,0.019964891278194744,4.950471407214765,0.23644023931584654,0.0,0.858100912871913,0.10924752232913261,1.337183402891251,1.0210194391024656,0.18695339209874862,0.37202481492438677,37.8066106513006,2.225562321269811,0.09969021580902972,0.028210847558302953,0.10853917594851385,0.9156913925236384,0.05016067905132366
45.0,0.008804724904472644,1.8432855490605617,0.9123463003716811,0.019970887973779508,4.950471407214765,0.23645841020151828,0.0,0.8580791463895369,0.10927040619224407,1.3370839038451368,1.020919169635876,0.18697916775791623,0.37822318489215295,38.102462309919495,2.225644041847315,0.0996924508296047,0.02821448629538743,0.10855147307652616,0.9156232564550227,0.05017838376045861
45.352081298828125,0.008806798807554018,1.8432327424131891,0.912268638995668,0.019973594636654903,4.950471407214765,0.23646649910510226,0.0,0.8580692752483207,0.10928077944067649,1.3370385930170627,1.0208737577579063,0.18699095314653658,0.38132353560794857,38.25045663717339,2.225681018731315,0.09969342792873172,0.028216127519166346,0.1085569436572042,0.9155922279998641,0.050190469928035025
45.784027099609375,0.008809203047775176,1.8431715121505223,0.9121799980543299,0.01997657967256362,4.950471407214765,0.2364754026035848,0.0,0.8580578284100492,0.10929280496941467,1.33698700198631,1.0208224624158375,0.18700444854942144,0.3851281167088684,38.43207977816068,2.2257240507122518,0.09969471062435294,0.028218074138134187,0.10856261784109769,0.915556898917339,0.05020089900628013
46.0,0.008810340176368475,1.8431425312518745,0.9121382899774773,0.01997794399994998,4.950471407214765,0.23647941138772963,0.0,0.8580524101052316,0.10929849265921264,1.3369627487841682,1.020798584904367,0.1870108366455993,0.3870307892433183,38.52291579204056,2.225744420009954,0.09969534019129007,0.028219003128911683,0.10856506806752787,0.9155402905385674,0.050207044046310524
46.10798645019531,0.008810939801747093,1.8431272175377307,0.9121180749088339,0.01997853895916116,4.950471407214765,0.23648131188756374,0.0,0.8580495469301019,0.10930149186543141,1.3369511634476432,1.02078719838594,0.1870138917851553,0.38798221877293704,38.56833980761914,2.22575546730876,0.09969586634496086,0.028219550441810726,0.10856589510079213,0.9155323570023656,0.050215226997768765
47.0,0.00881504042699883,1.843022846377112,0.9119667557230584,0.019983582964073803,4.950471407214765,0.23649618294221425,0.0,0.858030030941313,0.10932200237281554,1.3368630613667798,1.020700050237093,0.1870370250388592,0.39584356885272987,38.94370893450766,2.225828727601493,0.09969803183308508,0.028222861736898107,0.10857528937223107,0.9154720254749659,0.05023205810619136
47.446006774902344,0.008816807815181144,1.842977846367826,0.9119009174152864,0.019985772877610632,4.950471407214765,0.23650251489149632,0.0,0.8580216155192205,0.10933084249502585,1.3368246707334608,1.0206622741360007,0.18704714311094933,0.39977553601299437,39.13149074760296,2.2258601926156283,0.09969889557300025,0.02822427097194119,0.10857934834655485,0.9154457359080989,0.050243424836670915
48.0,0.008818822913117214,1.8429265276767106,0.9118275564224434,0.01998809252640646,4.950471407214765,0.236509211327201,0.0,0.8580120176857235,0.10934092161188248,1.336782049569106,1.0206207813091575,0.18705845883628952,0.4046605535113342,39.364824920969205,2.2258962775769158,0.09970006537034073,0.028225931399304346,0.10858321455755592,0.9154165493109165,0.05025289526182619
48.27699661254883,0.008819746139611477,1.8429029983572296,0.9117941577404215,0.01998910914643807,4.950471407214765,0.23651208386278766,0.0,0.8580076168648463,0.1093455394061615,1.3367626672280863,1.0206021431719934,0.18706364743799458,0.40710346433626826,39.481527687805354,2.225912823541881,0.09970062400551309,0.02822670003761151,0.10858475981966306,0.9154032764548519,0.05025916369367824
48.75899887084961,0.008821219332699163,1.8428654646320115,0.9117408387244419,0.019990739429223952,4.950471407214765,0.23651670256148097,0.0,0.8580005963693244,0.10935290802334749,1.3367317196784199,1.0205723411307421,0.18707192460666544,0.4113549523939425,39.68465756256887,2.2259392192289447,0.09970151207816359,0.028227924880267815,0.10858726560304958,0.9153820838459786,0.05026625095790406
49.0,0.008821899368436855,1.8428481280151734,0.9117163619294986,0.019991462581088405,4.950471407214765,0.23651871030430457,0.0,0.8579973534958063,0.10935630942610026,1.3367175267069185,1.0205588212490382,0.18707574788800496,0.4134809710491865,39.78624841400815,2.225951412011652,0.09970193658400066,0.028228495307317705,0.10858827841298617,0.9153723646243594,0.050266999620087634
49.120500564575195,0.008822108243768757,1.8428428586104546,0.9117046306850444,0.019991944874626175,4.950471407214765,0.23651964285404517,0.0,0.8579963678173256,0.10935735417873538,1.3367103164642804,1.0205520698148312,0.18707771163855663,0.4145440317554377,39.83705056899359,2.2259544088354684,0.09970160620421753,0.028228535809043342,0.1085895008407843,0.9153674271138373,0.050276793220839555
50.0,0.008824377817201016,1.842784966361634,0.9116287403707949,0.019993880588680787,4.950471407214765,0.2365252525821252,0.0,0.8579855381115271,0.10936870613112885,1.3366668648130995,1.0205113969950237,0.18708954911562545,0.42230410732157336,40.20796734290283,2.22599595115057,0.09970365580630462,0.028230621656974226,0.10859097511884638,0.9153376718066063,0.05028486851515913
50.4397497177124,0.008825245593485936,1.8427628575950903,0.9115967969881581,0.019994853095505274,4.950471407214765,0.23652789729095375,0.0,0.8579814020282387,0.10937304657455076,1.336648271697661,1.0204936665754258,0.18709455490675853,0.42618481898198046,40.39350906035276,2.2260113883644554,0.0997041189341971,0.028231326550900552,0.10859245180585608,0.9153249394052542,0.050291296802760295
51.0,0.008826241923609993,1.8427374642086922,0.9115611884951076,0.01999586400585212,4.950471407214765,0.23653063674243777,0.0,0.8579766512766822,0.10937803001856526,1.3366276451492856,1.02047425715458,0.18710015606567232,0.4311294482733201,40.629973451083934,2.2260292513387596,0.0997047670389769,0.028232169640004454,0.1085937000634564,0.9153108145269733,0.05029652232799457
51.2801251411438,0.008826686960046359,1.8427261110024526,0.9115453797257037,0.0199962938504498,4.950471407214765,0.23653176816638252,0.0,0.8579745271846639,0.10938025600181268,1.3366184982979235,1.0204657615316206,0.1871026604213569,0.43360196479577456,40.74823836409411,2.2260372380220987,0.09970506699166702,0.028232550036789317,0.10859415113792616,0.9153045508438893,0.05030006555786812
51.7600417137146,0.008827367508814027,1.842708756277604,0.9115211833787433,0.019996957037409953,4.950471407214765,0.23653352381188833,0.0,0.8579712801810807,0.10938365997063881,1.336604495309559,1.0204527240911785,0.1871064886917153,0.4378382038691663,40.95090373440591,2.226049447006922,0.09970552317873477,0.028233130569447498,0.10859487006370606,0.9152949617210455,0.050303665852238943
52.0,0.00882767609895298,1.8427008802496854,0.9115102718171909,0.019997244283875917,4.950471407214765,0.2365342627331733,0.0,0.8579698065754303,0.10938520347679583,1.3365981871418855,1.0204469203757838,0.18710822605634092,0.4399564425782429,41.05226055721054,2.2260549879461475,0.0997057365539129,0.028233396180646433,0.108595129998614,0.9152906419434976,0.05030397678102251
52.1199791431427,0.008827758558902967,1.8426988027624214,0.911505102377953,0.01999745482490261,4.950471407214765,0.23653459977551447,0.0,0.857969417874169,0.10938561592497366,1.3365949766901593,1.0204440188167894,0.18710911983606135,0.44101558604070124,41.102944779647885,2.22605606420579,0.09970554704236856,0.02823339527146388,0.10859565746168202,0.9152884434544905,0.05030930093287767
53.0,0.008828760846697287,1.8426732066807106,0.9114727181785793,0.019998145333148396,4.950471407214765,0.2365364768020614,0.0,0.8579646286966542,0.10939062916806329,1.3365765524816262,1.0204274437813767,0.1871142632240251,0.44878466028311975,41.47482522732393,2.2260745172833234,0.09970657411107962,0.028234353791321238,0.10859554889966057,0.9152758267190962,0.050313267184947816
53.44001042842865,0.008829115147910311,1.8426641702931223,0.9114597911787807,0.019998506310971782,4.950471407214765,0.23653739008435345,0.0,0.8579629378872868,0.1093924013118706,1.336569039423674,1.0204204871708469,0.1871163244266711,0.452669484085842,41.66084537767845,2.2260808150924256,0.09970677525626295,0.02823464590610669,0.1085959689219838,0.9152706818433197,0.05031640671195117
54.0,0.008829506751020627,1.842654178716227,0.9114460106755223,0.01999885823724345,4.950471407214765,0.2365382758766531,0.0,0.857961068322092,0.10939436003230778,1.3365610783599027,1.0204132252808111,0.18711852866305928,0.4576138099563564,41.89766565898461,2.2260878450002046,0.09970705304184872,0.028234984789719617,0.10859623804508474,0.9152652301771123,0.050318797937578805
54.279994785785675,0.008829674902444693,1.8426498839702772,0.911440125085569,0.019999002018733954,4.950471407214765,0.23653862493174707,0.0,0.8579602647050247,0.10939520109210066,1.3365576818800955,1.0204101656662143,0.18711947615527355,0.4600860505866999,42.0161082194291,2.226090866740288,0.0997071757671452,0.0282351316250885,0.10859631753951335,0.9152629042977171,0.05032032098380886
54.75999826192856,0.008829925886781134,1.8426434757802033,0.9114313333231946,0.019999218503798856,4.950471407214765,0.2365391541296233,0.0,0.8579590656175294,0.10939645646555468,1.3365526073047758,1.0204055841231614,0.18712088990413805,0.46432438715575425,42.21920815142775,2.226095375543788,0.09970735817723332,0.02823535041289638,0.10859644553949362,0.9152594292733256,0.05032189987053472
55.0,0.008830035369905497,1.8426406779108588,0.9114275161045653,0.01999930881109081,4.950471407214765,0.23653936738514006,0.0,0.8579585420819502,0.10939700407824611,1.336550406097426,1.020403618560789,0.18712150714753972,0.4664435986501824,42.32078216000744,2.226097344158121,0.09970743969631685,0.028235446598772404,0.10859648109005078,0.91525792190596,0.05032203110969062
55.12000086903572,0.008830060532259942,1.8426400448073308,0.9114257349068015,0.019999381388727533,4.950471407214765,0.2365394624473589,0.0,0.8579584236156766,0.10939712993531057,1.3365492887373682,1.0204026384450313,0.18712182370167801,0.46750321250370713,42.371575035925645,2.2260976331197013,0.09970735954798529,0.02823543994217909,0.10859666295719454,0.9152571567476541,0.05032423550554782
56.0,0.008830401100292951,1.8426313367897007,0.9114150737799506,0.019999568712533177,4.950471407214765,0.2365399327303932,0.0,0.8579567941597246,0.10939883338849808,1.3365432608741157,1.0203974078556919,0.18712354187159003,0.47527381486299075,42.744176248873515,2.2261039398228513,0.0997077458042185,0.02823577708902453,0.10859640983715017,0.9152530289200997,0.05032573317192028
56.43999956548214,0.008830511205250507,1.8426285252339547,0.911411076922308,0.019999672274928815,4.950471407214765,0.23654017518777876,0.0,0.8579562680526625,0.10939938411147479,1.3365409402235444,1.0203953120774287,0.18712418830127703,0.4791592140835526,42.93055813992646,2.226105894977021,0.09970781048767648,0.02823586875937936,0.10859649594072292,0.9152514397590702,0.05032688287512485
57.0,0.008830627964570997,1.8426255423951357,0.9114070209324828,0.01999976578255019,4.950471407214765,0.2365403911561489,0.0,0.8579557098919235,0.10939996811824401,1.3365386026351485,1.0203932387725378,0.1871248463787917,0.4841043383047979,43.16785099173683,2.2261079937943276,0.09970789903275737,0.02823597172609934,0.10859652039729219,0.9152498389991678,0.05032770365901572
57.28000021725893,0.008830675932236489,1.8426243153964392,0.911405363088867,0.019999802153766698,4.950471407214765,0.23654047109572837,0.0,0.8579554802902226,0.10940020804291327,1.336537648214387,1.020392403268579,0.18712511708752813,0.48657692241975836,43.286530834904106,2.2261088571470498,0.09970793633334896,0.028236014410140776,0.10859652035223867,0.9152491854202539,0.05032824746758715
57.76000007241964,0.008830743786137385,1.8426225807040664,0.9114030142708159,0.01999985455888168,4.950471407214765,0.23654058833173783,0.0,0.8579551556857313,0.10940054743455478,1.3365362955002884,1.0203912138359288,0.18712549980304052,0.49081569600204916,43.4900339714184,2.226110077736306,0.0997079886947306,0.028236074600327683,0.10859652503667953,0.9152482590935781,0.050328746662022104
58.0,0.008830772140491702,1.842621855077626,0.9114020369458163,0.019999875459474136,4.950471407214765,0.23654063304398168,0.0,0.8579550199025336,0.1094006892573642,1.3365357331603485,1.0203907247526975,0.18712565988929603,0.4929350577449384,43.59181041005253,2.226110588317774,0.09970801103243801,0.028236099938911127,0.10859652207263257,0.9152478740081503,0.0503288049841821
58.11999996379018,0.008830777139479697,1.842621729902522,0.9114015948174882,0.019999894189946157,4.950471407214765,0.2365406523829568,0.0,0.8579549964790655,0.10940071426130235,1.3365354515149215,1.0203904838806324,0.18712574081663041,0.49399474844205277,43.642704871182275,2.2261106292282635,0.09970798545192329,0.02823609583564183,0.10859657109539167,0.9152476811398477,0.050329448698364185
59.0,0.008830861309448218,1.8426195746322453,0.9113990529813037,0.01999992888973654,4.950471407214765,0.23654072999698242,0.0,0.8579545931720386,0.10940113526265091,1.3365340249415212,1.0203892910160486,0.18712615571122615,0.501765860637602,44.016059170510836,2.226112199387655,0.09970809107345956,0.02823618228209359,0.1085964566414293,0.9152467042349739,0.05032987011560851
59.44000001810491,0.008830885128023304,1.8426189656016934,0.9113981871898251,0.019999950115677477,4.950471407214765,0.236540775807081,0.0,0.8579544792063514,0.10940125439839976,1.3365335222417978,1.0203888459985524,0.18712629738854544,0.5056514443811372,44.202821639118646,2.2261126214591815,0.09970810493499442,0.02823620213940933,0.10859646873267728,0.9152463599906401,0.0503301753652383
60.0,0.008830908783883654,1.8426183604758293,0.9113973735599178,0.019999967253607517,4.950471407214765,0.2365408119163341,0.0,0.8579543659712211,0.10940137272028207,1.3365330542276055,1.0203884404275898,0.18712643089346884,0.5105967460805626,44.44060266766938,2.226113047252326,0.09970812376111471,0.02823622331347505,0.10859646484174433,0.9152460394986518,0.050330372987082574
60.279999990947545,0.008830917875084502,1.8426181275938835,0.911397062266715,0.019999973488712547,4.950471407214765,0.23654082427315634,0.0,0.8579543223927905,0.10940141819265047,1.3365328753489856,1.0203882873457648,0.18712648227414477,0.5130694032539111,44.55952848859879,2.2261132111171693,0.09970813114859399,0.028236231519025528,0.10859646160553685,0.9152459170041517,0.05033048990232926
60.759999996982515,0.008830930260447343,1.8426178104664797,0.9113966376601365,0.019999982117801386,4.950471407214765,0.23654084169392453,0.0,0.857954263049758,0.10940148014175834,1.336532631286451,1.020388077730558,0.1871265522406069,0.5173082442036367,44.763456502581114,2.2261134342616873,0.09970814115624074,0.028236242671186122,0.10859645786649769,0.915245749872282,0.050330597047489545
61.0,0.008830935160076893,1.8426176848306293,0.9113964703286624,0.019999985364218383,4.950471407214765,0.23654084785799073,0.0,0.8579542395399162,0.10940150464872542,1.336532535193439,1.0203879961289932,0.18712657995833692,0.5194276707841448,44.865446833255135,2.2261135226652207,0.0997081451854931,0.028236247116714724,0.10859645555578289,0.9152456840686355,0.05033061398308114
61.12000000150874,0.00883093589570127,1.8426176663808786,0.9113963969858606,0.019999988463136595,4.950471407214765,0.2365408504169896,0.0,0.8579542360874721,0.1094015083281714,1.3365324881616725,1.0203879568019754,0.1871265936367489,0.5204873813891857,44.916448662479766,2.226113527146503,0.09970814051511404,0.02823624625858681,0.10859646364328873,0.9152456518616969,0.05033074869269022
62.0,0.008830948603325967,1.8426173405249289,0.9113960254743545,0.019999992333253665,4.950471407214765,0.23654085791544965,0.0,0.8579541751110483,0.10940157188916863,1.336532281110141,1.0203877887046553,0.1871266547776414,0.5282586116720333,45.29059781851763,2.2261137659454753,0.09970815780043515,0.028236259724727288,0.10859644039028721,0.9152455100746355,0.05033082144300265
62.43999999924563,0.008830951655035205,1.8426172623751735,0.9113959136957058,0.019999995043286537,4.950471407214765,0.23654086352134188,0.0,0.8579541604871196,0.10940158715320789,1.3365322161442637,1.020387731613407,0.18712667316427098,0.5321442302189577,45.477763107618664,2.226113819922241,0.0997081594832583,0.028236262251664358,0.10859644178641921,0.9152454655865762,0.050330867664736205
63.0,0.008830954484126019,1.842617189873621,0.9113958165795502,0.01999999702696367,4.950471407214765,0.23654086754094877,0.0,0.8579541469201203,0.10940160130375433,1.3365321603178828,1.0203876836199124,0.18712668915974887,0.5370895641975917,45.716062069790546,2.22611387093776,0.09970816175534555,0.028236264799944122,0.10859644098565911,0.9152454273571632,0.05033089770149184
63.280000000377186,0.008830955443216656,1.842617165250837,0.9113957836432247,0.019999997692673348,4.950471407214765,0.2365408688668477,0.0,0.857954142312532,0.10940160610093387,1.3365321413893285,1.0203876673966283,0.18712669459226094,0.5395622316139601,45.83524911828502,2.2261138882633658,0.09970816252418802,0.028236265666809413,0.10859644067585027,0.9152454143950564,0.05033091508541657
63.76000000012573,0.008830956577357772,1.8426171361602535,0.9113957443643297,0.01999999855244879,4.950471407214765,0.23654087074079205,0.0,0.8579541368688971,0.10940161177368092,1.336532118778948,1.0203876476299398,0.1871267010103457,0.543801206802994,46.0396285335461,2.226113908732838,0.09970816339713133,0.028236266679619423,0.10859644066404131,0.9152453989116673,0.050330928230455124
64.0,0.008830956969142201,1.8426171261013309,0.9113957307172487,0.019999998863294705,4.950471407214765,0.23654087144369657,0.0,0.8579541349866007,0.10940161373330827,1.3365321109167003,1.0203876406879808,0.18712670322951985,0.5459205198242103,46.14184632611281,2.226113915810819,0.09970816369011468,0.02823626702780664,0.10859644072577525,0.9152453935276694,0.05033092954178047
64.11999999993714,0.008830956993352727,1.8426171255137391,0.91139572488551,0.01999999917036189,4.950471407214765,0.23654087175286914,0.0,0.8579541348766464,0.10940161385440447,1.3365321070590404,1.020387637329596,0.1871267043271243,0.5469802352508772,46.19296227628803,2.22611391536785,0.09970816316247962,0.028236266892169015,0.10859644169822054,0.915245390885978,0.050330941934063685
65.0,0.008830957967076544,1.8426171004906404,0.9113956967718602,0.01999999956356345,4.950471407214765,0.2365408729481487,0.0,0.8579541301941477,0.10940161872477626,1.3365320914395726,1.0203876238072411,0.18712670878512794,0.5547514760431456,46.567957593501205,2.2261139339154927,0.09970816452563684,0.028236267939130484,0.10859644048338138,0.9152453801899043,0.050330948855430505
65.44000000003143,0.008830958119994358,1.842617096562599,0.9113956902820488,0.01999999984822967,4.950471407214765,0.23654087380765867,0.0,0.8579541294591049,0.10940161948964058,1.3365320875859306,1.0203876197163804,0.1871267097466206,0.5586370956300294,46.755551896085,2.2261139365955045,0.09970816451273502,0.028236268039142302,0.10859644125578137,0.9152453775509642,0.0503309524528458
66.0,0.008830958225639835,1.8426170938479633,0.9113956857642374,0.02000000010088286,4.950471407214765,0.23654087469664922,0.0,0.8579541289511231,0.10940162001805812,1.3365320849005988,1.020387616478075,0.18712671034552264,0.5635824364313532,46.9944028244597,2.226113938505658,0.0997081645000766,0.028236268107244687,0.10859644208932794,0.9152453757120728,0.050330954009372625
66.27999999998428,0.00883095825273674,1.8426170931487247,0.9113956843738957,0.02000000021185012,4.950471407214765,0.23654087511545607,0.0,0.8579541288202766,0.10940162015359144,1.336532084055924,1.0203876152734515,0.1871267104997961,0.5660551010750382,47.113868321943336,2.2261139389976705,0.09970816447149546,0.028236268117764987,0.10859644252619564,0.9152453751336469,0.05033095477735412
66.75999999999476,0.00883095827536758,1.8426170925651137,0.9113956827873523,0.020000000390575215,4.950471407214765,0.23654087582203262,0.0,0.8579541287110672,0.10940162026678636,1.336532083063295,1.0203876135712575,0.1871267106285394,0.5702939650615007,47.318729031998515,2.2261139394083393,0.0997081644010904,0.028236268113344107,0.10859644330759809,0.9152453744539033,0.05033095534076283
67.0,0.00883095827799348,1.8426170924953875,0.911395682282582,0.020000000475681665,4.950471407214765,0.2365408761704538,0.0,0.8579541286980196,0.1094016202799206,1.336532082731924,1.0203876128525933,0.1871267106439331,0.572413394604173,47.42118928895061,2.226113939457393,0.0997081643578382,0.028236268103049994,0.10859644370956559,0.9152453742269834,0.05033095549600998
67.12000000000262,0.008830958273110298,1.8426170926200982,0.9113956820975831,0.02000000052242605,4.950471407214765,0.23654087634443408,0.0,0.8579541287213563,0.1094016202554959,1.3365320825903133,1.020387612511949,0.18712671064436356,0.5734731095708986,47.47242696596885,2.2261139393449163,0.09970816431533845,0.028236268087759704,0.10859644394133591,0.9152453741300096,0.05033095595587661
68.0,0.008830958252331968,1.8426170931510049,0.9113956814230276,0.020000000810928016,4.950471407214765,0.23654087760046308,0.0,0.8579541288207033,0.10940162015156683,1.3365320820637412,1.0203876104312097,0.18712671049667348,0.5812443532878749,47.84832452776645,2.2261139389983837,0.09970816414682049,0.02823626802616835,0.10859644542747428,0.9152453737694177,0.05033095606419304
68.43999999999869,0.00883095823190317,1.8426170936770727,0.9113956813051236,0.020000000960713697,4.950471407214765,0.2365408782497233,0.0,0.8579541289191449,0.10940162004938608,1.336532081913566,1.0203876094487998,0.18712671038321615,0.5851299751884944,48.03637638627969,2.226113938625913,0.0997081640407945,0.028236267982193683,0.10859644622673512,0.9152453736665791,0.05033095610490993
69.0,0.008830958203100004,1.842617094421967,0.9113956812579285,0.020000001151276595,4.950471407214765,0.2365408790838,0.0,0.8579541290585347,0.1094016199053184,1.3365320817817576,1.0203876082333996,0.18712671021887292,0.5900753102141767,48.275815989105745,2.226113938101772,0.0997081639043286,0.028236267923637155,0.10859644725583424,0.9152453735763179,0.05033095609424284
69.28000000000065,0.008830958187435739,1.8426170948286535,0.9113956812695057,0.02000000124772066,4.950471407214765,0.23654087950789987,0.0,0.8579541291346369,0.10940161982696889,1.3365320817350028,1.020387607630881,0.18712671012914583,0.5925479770656389,48.39557848983809,2.2261139378156103,0.09970816383418776,0.028236267892824296,0.10859644778088784,0.9152453735443006,0.05033095609246864
69.76000000000022,0.008830958159345207,1.8426170955614383,0.9113956813267876,0.02000000141402379,4.950471407214765,0.2365408802415429,0.0,0.8579541292717606,0.10940161968646565,1.3365320816753428,1.0203876066047954,0.18712670996747396,0.5967868584381654,48.60095251838476,2.226113937299991,0.09970816371240046,0.02823626783843278,0.10859644869070963,0.9152453735034459,0.05033095605931192
70.0,0.008830958144651959,1.8426170959466859,0.9113956813722935,0.020000001498281867,4.950471407214765,0.23654088061435047,0.0,0.8579541293438508,0.10940161961297296,1.3365320816543669,1.020387606090512,0.18712670988247765,0.5989062666265228,48.70367146922715,2.2261139370289142,0.09970816365039796,0.028236267810314315,0.10859644915363818,0.9152453734890817,0.05033095603927367
70.11999999999989,0.008830958137165895,1.8426170961436679,0.911395681398734,0.020000001540703725,4.950471407214765,0.23654088080233157,0.0,0.8579541293807116,0.10940161957552919,1.336532081645783,1.0203876058327157,0.1871267098390137,0.5999659836436074,48.75503897000288,2.2261139368903136,0.09970816361916449,0.028236267796035282,0.10859644938713181,0.9152453734832037,0.05033095605897815
71.0,0.00883095807974427,1.8426170976549254,0.9113956816685779,0.020000001852315145,4.950471407214765,0.23654088218676309,0.0,0.8579541296635087,0.1094016192883177,1.3365320816251491,1.0203876039666255,0.18712670950596055,0.6077372266070845,49.13189886516034,2.2261139358265982,0.09970816338692254,0.02823626768856115,0.10859645111127936,0.9152453734690738,0.05033095597557139
71.44000000000005,0.008830958048626278,1.8426170984793078,0.9113956818541019,0.020000002012924022,4.950471407214765,0.23654088290194902,0.0,0.857954129817773,0.10940161913267171,1.3365320816397634,1.020387603021914,0.18712670932622052,0.6116228474756823,49.320438832530655,2.226113935244632,0.0997081632653641,0.028236267631122018,0.10859645200546292,0.9152453734790815,0.05033095594300213
72.0,0.008830958008777265,1.8426170995608315,0.9113956821397529,0.020000002218804533,4.950471407214765,0.2365408838294279,0.0,0.8579541300201554,0.10940161893335491,1.3365320816874615,1.0203876018187243,0.1871267090843837,0.6165681846178763,49.56050627287654,2.2261139344864773,0.09970816311495831,0.028236267557075676,0.1085964531573939,0.9152453735117447,0.050330955883918116
72.27999999999997,0.008830957987581474,1.842617100136031,0.9113956823036549,0.020000002324058616,4.950471407214765,0.23654088430276632,0.0,0.8579541301277906,0.10940161882733783,1.3365320817209168,1.020387601211634,0.18712670895819059,0.6190408512173047,49.680585573608425,2.2261139340811122,0.09970816303626594,0.02823626751806593,0.10859645374843442,0.9152453735346545,0.050330955860591525
72.66399999999999,0.008830957958370982,1.8426171009467511,0.9113956825516242,0.020000002469179646,4.950471407214765,0.23654088495980558,0.0,0.8579541302794983,0.10940161868123277,1.3365320817795159,1.020387600378218,0.18712670877932366,0.6224319415042575,49.84531557484868,2.226113933510655,0.09970816293023466,0.028236267463608605,0.10859645456596234,0.9152453735747828,0.050330955813870364
72.856,0.008830957943557208,1.842617101365343,0.9113956826858776,0.020000002542626315,4.950471407214765,0.2365408852938373,0.0,0.8579541303578282,0.10940161860713725,1.3365320818139717,1.0203875999580794,0.18712670868697082,0.6241274844315147,49.92770232231145,2.2261139332161153,0.09970816287739186,0.028236267435683908,0.10859645498076151,0.9152453735983778,0.05033095578944333
72.952,0.008830957936109935,1.8426171015780093,0.9113956827555787,0.02000000257957308,4.950471407214765,0.23654088546229196,0.0,0.8579541303976238,0.10940161856988746,1.3365320818324848,1.0203875997470684,0.1871267086400508,0.624975256709564,49.96890116360584,2.226113933066474,0.09970816285106798,0.028236267421542977,0.10859645518968104,0.9152453736110554,0.05033095577695246
73.0,0.00883095793242838,1.8426171016851922,0.9113956827910726,0.020000002598060104,4.950471407214765,0.23654088554688713,0.0,0.8579541304176806,0.10940161855147307,1.3365320818420618,1.0203875996413159,0.18712670861640315,0.6253991419592455,49.98950195251613,2.2261139329910558,0.09970816283816827,0.028236267414427314,0.10859645529429154,0.9152453736176136,0.05033095577073683
73.024,0.008830957930655074,1.8426171017389823,0.9113956828089803,0.020000002607259277,4.950471407214765,0.236540885589278,0.0,0.8579541304277463,0.10940161854260336,1.3365320818469324,1.0203875995883775,0.1871267086045315,0.6256110852118592,49.999802691313285,2.2261139329532105,0.09970816283204359,0.028236267410859238,0.10859645534637519,0.9152453736209489,0.05033095580717571
74.0,0.008830957852821349,1.8426171040028079,0.911395683631317,0.02000000298310004,4.950471407214765,0.23654088731512216,0.0,0.8579541308513693,0.10940161815329462,1.3365320820982576,1.020387597473608,0.18712670810507506,0.634230100282536,50.41889431040608,2.2261139313602802,0.09970816256719424,0.028236267262819557,0.10859645748510838,0.9152453737930543,0.05033095565940172
74.488,0.00883095781611404,1.8426171052138032,0.9113956840951107,0.02000000317518599,4.950471407214765,0.23654088821833183,0.0,0.8579541310779792,0.109401617969692,1.3365320822488318,1.0203875963813966,0.18712670783789484,0.6385396083965155,50.62858440613611,2.2261139305081725,0.0997081624505994,0.02823626718436864,0.10859645858336378,0.9152453738961661,0.050330955398623214
74.744,0.008830957803309518,1.842617105785969,0.9113956842436294,0.020000003276400908,4.950471407214765,0.23654088870423085,0.0,0.8579541311850469,0.10940161790564634,1.33653208227231,1.0203875957499016,0.18712670771165782,0.6408003325467742,50.73862471253956,2.2261139301055737,0.09970816240847664,0.02823626714511481,0.10859645915063937,0.9152453739122437,0.05033095522812677
74.872,0.008830957800514731,1.8426171060461989,0.9113956842811258,0.02000000332596435,4.950471407214765,0.23654088895039688,0.0,0.857954131233743,0.10940161789166739,1.3365320822627025,1.020387595413558,0.18712670765424388,0.6419306951005807,50.793654975591,2.2261139299224646,0.09970816239983846,0.028236267126330518,0.10859645942422791,0.9152453739056646,0.05033095514145252
74.93599999999999,0.008830957801421692,1.8426171061694339,0.9113956842900922,0.02000000334933917,4.950471407214765,0.23654088907433393,0.0,0.8579541312568036,0.10940161789620383,1.336532082252219,1.0203875952399084,0.1871267076270552,0.6424958770364173,50.82117264320428,2.2261139298357504,0.09970816240495388,0.028236267117162647,0.1085964595522174,0.9152453738984857,0.05033095510397894
74.96799999999999,0.008830957803887698,1.842617106229116,0.9113956842924137,0.02000000335945948,4.950471407214765,0.23654088913655502,0.0,0.8579541312679717,0.1094016179085383,1.336532082245778,1.0203875951518304,0.18712670761376377,0.6427784665191092,50.834932112098485,2.2261139297938657,0.09970816241644945,0.028236267112660085,0.10859645960744548,0.9152453738940749,0.05033095516071078
74.984,0.008830957807322392,1.8426171062498118,0.9113956842930371,0.020000003362536652,4.950471407214765,0.23654088916749644,0.0,0.8579541312718445,0.10940161792571794,1.336532082243422,1.0203875951086774,0.18712670760689654,0.6429197621525246,50.841812005458486,2.2261139297813393,0.09970816243217509,0.028236267111093106,0.10859645962422826,0.9152453738924615,0.05033095758024839
74.99199999999999,0.008830957541545155,1.84261710625191,0.9113956842932017,0.02000000358592973,4.950471407214765,0.23654088916878588,0.0,0.8579541312722371,0.10940161659635336,1.3365320822432514,1.0203875951068238,0.18712670760663233,0.6429904126485032,50.84525199185573,2.226113929779687,0.09970816122061597,0.028236267110937373,0.10859646083723254,0.9152453738923447,0.050330387330801946
74.996,0.008830961261085141,1.8426171292367743,0.9113956842932444,0.02000000078388037,4.950471407233634,0.2365408891483985,1.8895995879120164e-11,0.8579541355733269,0.10940163520074846,1.3365320791591406,1.0203875927794799,0.1871267085497229,0.6430257364013585,50.84697199502581,2.226113908285397,0.09970817817658603,0.028236265349204304,0.10859644562260817,0.9152453717803729,0.05034433049063324
74.99799999999999,0.00883095844384079,1.8426170899282766,0.9113956842932551,0.019999999389548148,4.950471407214764,0.23654087174758362,-8.881784197001252e-16,0.8579541282176436,0.10940162110945567,1.3365320844336144,1.0203876200630722,0.18712671121039232,0.643043398278778,50.84783199904358,2.2261139412636486,0.09970816533384377,0.02823626836210624,0.10859643805163358,0.9152453753922859,0.05033096793786441
74.999,0.008830960968424966,1.8426170899222456,0.9113956842932579,0.019999997268693195,4.950471407214765,0.23654087174079877,0.0,0.8579541282165152,0.10940163373692079,1.3365320844344255,1.0203876200727597,0.18712671121180863,0.6430522292997181,50.848262001664715,2.226113941267817,0.09970817684246129,0.02823626836256858,0.1085964265357689,0.9152453753928415,0.05033504960623521
75.0,0.00883095999989418,1.8426170489762799,0.9113956842932588,0.02,4.950471407170741,0.23654087175770097,-4.4088288575494516e-11,0.8579541205544168,0.10940162889252351,1.3365320899286108,1.0203876242447552,0.18712670953650024,0.6430610990876776,50.84869200470494,2.226113979554234,0.09970817242729862,0.028236271500978582,0.10859644136627895,0.915245379155211,0.050330959999894176
